<?xml version='1.0' encoding='UTF-8'?>
<worldsens xmlns="http://worldsens.citi.insa-lyon.fr">


<!-- == Worldsens ===================================================== -->
<simulation nodes="13" duration="50s" x="2" y="2" z="2"/>

<!-- == Entities ====================================================== -->


<!-- == PROPAGATION, INTERFERENCES, MODULATION and ENERGY ===================== -->
<entity name="ban_propag" library="propagation_ban" >
	<init data_description_file="ban_links_description.csv" fading_model="rician" />
</entity>

<entity name="mod_oqpsk" library="modulation_oqpsk">
</entity>

<entity name="interf" library="interferences_none">
</entity>

<entity name="bat" library="energy_linear">	
	<default energy="100000" tx="0.00468" rx="0.0555" idle="0"/>
</entity>

<!-- == RADIO and ANTENNA ============================================ -->
<entity name="omnidirectionnal" library="antenna_omnidirectionnal" >
  <default loss="0" angle-xy="random" angle-z="random"/>
</entity>

<entity name="radio" library="radio_half1d" >
    <default sensibility="-92"  T_s="90" dBm="0" channel="0" modulation="mod_oqpsk"/>
</entity>

<!-- == MAC ===================================================== -->
<!--
<entity name="mac" library="mac_802153" >
    <init  modeack="1" moderelay="1" moderetx="0"/>
    <default pnc="0" superframeduration="60000000" capduration="369961"  dataperiod="60000000" />
</entity>
-->

<entity name="mac" library="mac_802_15_4_2400_oqpsk_u_csma_ca" >
</entity>

<!-- == Application =================================================== -->

<entity name="hip_app" library="application_cbr" >
</entity>

<entity name="back_app" library="application_cbr" >
</entity>

<entity name="rthigh_app" library="application_cbr" >
</entity>

<entity name="rfoot_app" library="application_cbr" >   
</entity>

<entity name="lthigh_app" library="application_cbr" >
</entity>

<entity name="lfoot_app" library="application_cbr" >
</entity>

<entity name="torso_app" library="application_cbr" >
</entity>

<entity name="rarm_app" library="application_cbr" >
</entity>

<entity name="rhand_app" library="application_cbr" >
</entity>

<entity name="larm_app" library="application_cbr" >
</entity>

<entity name="lhand_app" library="application_cbr" >
</entity>

<entity name="rear_app" library="application_cbr" >
</entity>

<entity name="lear_app" library="application_cbr" >
</entity>

<!-- == MOBILITY ===================================================== -->
<!--
<entity name="static-pnc" library="mobility_static" >
    <default x="0.433" y="0.433" z="0"/>
</entity>

<entity name="static-dev1" library="mobility_static" >
    <default x="0.683" y="0.866" z="0"/>
</entity>

<entity name="static-dev2" library="mobility_static" >
    <default x="0.183" y="0.866" z="0"/>
</entity>

<entity name="static-dev3" library="mobility_static" >
    <default x="0" y="0.683" z="0"/>
</entity>

<entity name="static-dev4" library="mobility_static" >
    <default x="0" y="0.183" z="0"/>
</entity>
<entity name="static-dev5" library="mobility_static" >
    <default x="0.183" y="0" z="0"/>
</entity>

<entity name="static-dev6" library="mobility_static" >
    <default x="0.683" y="0" z="0"/>
</entity>
<entity name="static-dev7" library="mobility_static" >
    <default x="0.866" y="0.183" z="0"/>
</entity>
<entity name="static-dev8" library="mobility_static" >
    <default x="0.866" y="0.683" z="0"/>
</entity> -->
<entity name="static" library="mobility_static">
	<default x="random" y="random" z="random"/>
</entity>

<!-- == Environment ===================================================== -->
<environment>
	<propagation entity="ban_propag"/>
	<interferences entity="interf"/>
	<modulation entity="mod_oqpsk"/>
</environment>
<!-- == Bundle ===================================================== -->
<bundle name="hip" worldsens="false" default="true" birth="0">
	<mobility entity="static"/>
	<antenna entity="omnidirectionnal">
		<up entity="radio"/>
	</antenna>
	<with entity="radio">
		<up entity="mac"/>
		<down entity="omnidirectionnal"/>
	</with>
	<with entity="mac">
		<up entity="hip_app"/>
		<down entity="radio"/>
	</with>
	<with entity="hip_app">
		<down entity="mac"/>
	</with>
</bundle>

<bundle name="back" worldsens="false" default="false" birth="0">
	<mobility entity="static"/>
	<antenna entity="omnidirectionnal">
		<up entity="radio"/>
	</antenna>
	<with entity="radio">
		<up entity="mac"/>
		<down entity="omnidirectionnal"/>
	</with>
	<with entity="mac">
		<up entity="back_app"/>
		<down entity="radio"/>
	</with>
	<with entity="back_app">
		<down entity="mac"/>
	</with>
</bundle>

<bundle name="rthigh" worldsens="false" default="false" birth="0">
	<mobility entity="static"/>
	<antenna entity="omnidirectionnal">
		<up entity="radio"/>
	</antenna>
	<with entity="radio">
		<up entity="mac"/>
		<down entity="omnidirectionnal"/>
	</with>
	<with entity="mac">
		<up entity="rthigh_app"/>
		<down entity="radio"/>
	</with>
	<with entity="rthigh_app">
		<down entity="mac"/>
	</with>
</bundle>

<bundle name="rfoot" worldsens="false" default="false" birth="0">
	<mobility entity="static"/>
	<antenna entity="omnidirectionnal">
		<up entity="radio"/>
	</antenna>
	<with entity="radio">
		<up entity="mac"/>
		<down entity="omnidirectionnal"/>
	</with>
	<with entity="mac">
		<up entity="rfoot_app"/>
		<down entity="radio"/>
	</with>
	<with entity="rfoot_app">
		<down entity="mac"/>
	</with>
</bundle>

<bundle name="lthigh" worldsens="false" default="false" birth="0">
	<mobility entity="static"/>
	<antenna entity="omnidirectionnal">
		<up entity="radio"/>
	</antenna>
	<with entity="radio">
		<up entity="mac"/>
		<down entity="omnidirectionnal"/>
	</with>
	<with entity="mac">
		<up entity="lthigh_app"/>
		<down entity="radio"/>
	</with>
	<with entity="lthigh_app">
		<down entity="mac"/>
	</with>
</bundle>

<bundle name="lfoot" worldsens="false" default="false" birth="0">
	<mobility entity="static"/>
	<antenna entity="omnidirectionnal">
		<up entity="radio"/>
	</antenna>
	<with entity="radio">
		<up entity="mac"/>
		<down entity="omnidirectionnal"/>
	</with>
	<with entity="mac">
		<up entity="lfoot_app"/>
		<down entity="radio"/>
	</with>
	<with entity="lfoot_app">
		<down entity="mac"/>
	</with>
</bundle>

<bundle name="torso" worldsens="false" default="false" birth="0">
	<mobility entity="static"/>
	<antenna entity="omnidirectionnal">
		<up entity="radio"/>
	</antenna>
	<with entity="radio">
		<up entity="mac"/>
		<down entity="omnidirectionnal"/>
	</with>
	<with entity="mac">
		<up entity="torso_app"/>
		<down entity="radio"/>
	</with>
	<with entity="torso_app">
		<down entity="mac"/>
	</with>
</bundle>

<bundle name="rarm" worldsens="false" default="false" birth="0">
	<mobility entity="static"/>
	<antenna entity="omnidirectionnal">
		<up entity="radio"/>
	</antenna>
	<with entity="radio">
		<up entity="mac"/>
		<down entity="omnidirectionnal"/>
	</with>
	<with entity="mac">
		<up entity="rarm_app"/>
		<down entity="radio"/>
	</with>
	<with entity="rarm_app">
		<down entity="mac"/>
	</with>
</bundle>

<bundle name="rhand" worldsens="false" default="false" birth="0">
	<mobility entity="static"/>
	<antenna entity="omnidirectionnal">
		<up entity="radio"/>
	</antenna>
	<with entity="radio">
		<up entity="mac"/>
		<down entity="omnidirectionnal"/>
	</with>
	<with entity="mac">
		<up entity="rhand_app"/>
		<down entity="radio"/>
	</with>
	<with entity="rhand_app">
		<down entity="mac"/>
	</with>
</bundle>

<bundle name="larm" worldsens="false" default="false" birth="0">
	<mobility entity="static"/>
	<antenna entity="omnidirectionnal">
		<up entity="radio"/>
	</antenna>
	<with entity="radio">
		<up entity="mac"/>
		<down entity="omnidirectionnal"/>
	</with>
	<with entity="mac">
		<up entity="larm_app"/>
		<down entity="radio"/>
	</with>
	<with entity="larm_app">
		<down entity="mac"/>
	</with>
</bundle>

<bundle name="lhand" worldsens="false" default="false" birth="0">
	<mobility entity="static"/>
	<antenna entity="omnidirectionnal">
		<up entity="radio"/>
	</antenna>
	<with entity="radio">
		<up entity="mac"/>
		<down entity="omnidirectionnal"/>
	</with>
	<with entity="mac">
		<up entity="lhand_app"/>
		<down entity="radio"/>
	</with>
	<with entity="lhand_app">
		<down entity="mac"/>
	</with>
</bundle>

<bundle name="rear" worldsens="false" default="false" birth="0">
	<mobility entity="static"/>
	<antenna entity="omnidirectionnal">
		<up entity="radio"/>
	</antenna>
	<with entity="radio">
		<up entity="mac"/>
		<down entity="omnidirectionnal"/>
	</with>
	<with entity="mac">
		<up entity="rear_app"/>
		<down entity="radio"/>
	</with>
	<with entity="rear_app">
		<down entity="mac"/>
	</with>
</bundle>

<bundle name="lear" worldsens="false" default="false" birth="0">
	<mobility entity="static"/>
	<antenna entity="omnidirectionnal">
		<up entity="radio"/>
	</antenna>
	<with entity="radio">
		<up entity="mac"/>
		<down entity="omnidirectionnal"/>
	</with>
	<with entity="mac">
		<up entity="lear_app"/>
		<down entity="radio"/>
	</with>
	<with entity="lear_app">
		<down entity="mac"/>
	</with>
</bundle>

<!-- == Nodes ===================================================== -->
<node id="0" as="hip"/>
<node id="1" as="back"/>
<node id="2" as="rthigh"/>
<node id="3" as="rfoot"/>
<node id="4" as="lthigh"/>
<node id="5" as="lfoot"/>
<node id="6" as="torso"/>
<node id="7" as="rarm"/>
<node id="8" as="rhand"/>
<node id="9" as="larm"/>
<node id="10" as="lhand"/>
<node id="11" as="rear"/>
<node id="12" as="lear"/>
</worldsens>
